{
  "threshold0": 124.47083843111938,
  "threshold1": 180.43921670903472,
  "threshold2": 223.21832735917644,
  "low_bound": 38.92877383995179,
  "mid_bound": 86.4639010750981,
  "close_threshold": 3.4831861996575277,
  "enhance0": 0.09602120513531111,
  "enhance1": 0.08300410494540007,
  "enhance2": 0.009713283937869457,
  "reduce0": 0.3331462445154151,
  "reduce1": 0.7507181857252498,
  "reduce2": 0.9581260997925174,
  "R_enh1": 0.20796275727569646,
  "R_enh2": 0.1393011831952448,
  "R_enh3": 0.18631051755735817,
  "R_red1": 0.0865557261496486,
  "R_red2": 0.11296640988346741,
  "R_red3": 0.17921551815617054,
  "R_red4": 0.1659630063402549,
  "G_enh1": 0.04008870943603237,
  "G_enh2": 0.035391717235561136,
  "G_enh3": 0.03819700181037347,
  "G_red1": 0.04880172344536022,
  "G_red2": 0.08833614530064465,
  "G_red3": 0.09480275218331388,
  "G_red4": 0.1073774030972716,
  "B_enh1": 0.049609167600967105,
  "B_enh2": 0.02259986129438235,
  "B_enh3": 0.20173402065923238,
  "B_red1": 0.5369093065042163,
  "B_red2": 0.13696730714428318,
  "B_red3": 0.5146777874894743,
  "B_red4": 0.0790398540857839
}