{
  "threshold0": 81.86872089195631,
  "threshold1": 152.01041743505942,
  "threshold2": 245.87318957604543,
  "low_bound": 42.54980381413733,
  "mid_bound": 100.95382629435584,
  "close_threshold": 3.327787322820967,
  "enhance0": 0.1459646620568527,
  "enhance1": 0.04800471632119404,
  "enhance2": 0.01571663920851034,
  "reduce0": 0.7685472169808848,
  "reduce1": 0.8455577674170326,
  "reduce2": 0.9269875853675907,
  "R_enh1": 0.12591356905243947,
  "R_enh2": 0.14812190131580089,
  "R_enh3": 0.014218586955243978,
  "R_red1": 0.04574396352954541,
  "R_red2": 0.08358691834553397,
  "R_red3": 0.26921016469163545,
  "R_red4": 0.38424215835891135,
  "G_enh1": 0.011034691034846762,
  "G_enh2": 0.07292664365954644,
  "G_enh3": 0.03778241421391799,
  "G_red1": 0.020204050124160378,
  "G_red2": 0.10621026399035792,
  "G_red3": 0.11449825001942064,
  "G_red4": 0.06848861313236906,
  "B_enh1": 0.1823386720788249,
  "B_enh2": 0.031464715702846945,
  "B_enh3": 0.37620552922375206,
  "B_red1": 0.06443570798587307,
  "B_red2": 0.37512179248576777,
  "B_red3": 0.4566224218433342,
  "B_red4": 0.025587301290066925
}