{
  "threshold0": 109.39519386720858,
  "threshold1": 178.6109775260752,
  "threshold2": 245.33277438755422,
  "low_bound": 42.52497574022167,
  "mid_bound": 67.88920928439853,
  "close_threshold": 5.933580931339711,
  "enhance0": 0.012060472431939261,
  "enhance1": 0.027202966816561838,
  "enhance2": 0.010346653678369245,
  "reduce0": 0.48938715229510243,
  "reduce1": 0.623334179688223,
  "reduce2": 0.9583888152320286,
  "R_enh1": 0.13531095114516345,
  "R_enh2": 0.12962513579788,
  "R_enh3": 0.4381073666166268,
  "R_red1": 0.3821877902400162,
  "R_red2": 0.34403491336767994,
  "R_red3": 0.2241671092544864,
  "R_red4": 0.15291178114956325,
  "G_enh1": 0.028110315759717997,
  "G_enh2": 0.03144677685149481,
  "G_enh3": 0.06744127122703064,
  "G_red1": 0.01702955640388143,
  "G_red2": 0.041114908360480894,
  "G_red3": 0.11437394386408176,
  "G_red4": 0.023140991006312724,
  "B_enh1": 0.06951381679161679,
  "B_enh2": 0.021496443584955983,
  "B_enh3": 0.46661095232175126,
  "B_red1": 0.373915440647304,
  "B_red2": 0.10026492323077234,
  "B_red3": 0.34686687181497017,
  "B_red4": 0.08552426568446135
}