{
  "threshold0": 116.48598921330849,
  "threshold1": 162.65911827301423,
  "threshold2": 224.91356584418855,
  "low_bound": 40.160244476849755,
  "mid_bound": 88.61193365919497,
  "close_threshold": 3.0023080465488667,
  "enhance0": 0.09547990825891225,
  "enhance1": 0.099055787567649,
  "enhance2": 0.010195892724959684,
  "reduce0": 0.31263501143470473,
  "reduce1": 0.5834837724234792,
  "reduce2": 0.9582071980508734,
  "R_enh1": 0.2080098568978665,
  "R_enh2": 0.1370084769732187,
  "R_enh3": 0.2303822526092659,
  "R_red1": 0.0753168811578538,
  "R_red2": 0.10958707546208112,
  "R_red3": 0.17594301421518588,
  "R_red4": 0.1726911632700101,
  "G_enh1": 0.04075315718442528,
  "G_enh2": 0.038146646506232895,
  "G_enh3": 0.0373595067481566,
  "G_red1": 0.05257761119735135,
  "G_red2": 0.10994326912946518,
  "G_red3": 0.07807599366508464,
  "G_red4": 0.10740221666972428,
  "B_enh1": 0.04511856821242355,
  "B_enh2": 0.018035590500590695,
  "B_enh3": 0.26977136337521607,
  "B_red1": 0.4011275160478921,
  "B_red2": 0.12625934446914414,
  "B_red3": 0.4856355052451794,
  "B_red4": 0.09809497766654596
}