{
  "R_enh1": 0.21197875008268366,
  "R_enh2": 0.13879712329645744,
  "R_enh3": 0.21592149521205004,
  "R_red1": 0.24707676230911607,
  "R_red2": 0.11253498782999041,
  "R_red3": 0.21149203290595336,
  "R_red4": 0.33371725394578305,
  "G_enh1": 0.07295807659923176,
  "G_enh2": 0.036702770909386576,
  "G_enh3": 0.07202724277735292,
  "G_red1": 0.011662152887117824,
  "G_red2": 0.13529009068868073,
  "G_red3": 0.11496398742415444,
  "G_red4": 0.048550655292873286,
  "B_enh1": 0.040938063584382324,
  "B_enh2": 0.013125186736072715,
  "B_enh3": 0.1951322590942705,
  "B_red1": 0.1421827184683828,
  "B_red2": 0.3123120695430265,
  "B_red3": 0.3253141653982778,
  "B_red4": 0.041859426026520846
}