parameter,value
close_threshold,3
enhance0,0.010173738390079616
enhance1,0.03725976904354025
enhance2,0.010028242201566048
reduce0,0.7760258361390302
reduce1,0.48022046659104495
reduce2,0.7991027335734762
