{
  "R_enh1": 0.04497979827099744,
  "R_enh2": 0.16345107385978244,
  "R_enh3": 0.14788607570967136,
  "R_enh4": 0.26664049337513673,
  "R_red1": 0.26676610254691613,
  "R_red2": 0.09952031291276493,
  "R_red3": 0.211465761277784,
  "R_red4": 0.34354270961116706,
  "G_enh1": 0.0455228312517838,
  "G_enh2": 0.06326834541798444,
  "G_enh3": 0.043450672174724196,
  "G_enh4": 0.0639511100419577,
  "G_red1": 0.011052102030801939,
  "G_red2": 0.13524943472330606,
  "G_red3": 0.11551580749998867,
  "G_red4": 0.04783478700664368,
  "B_enh1": 0.041740069380242675,
  "B_enh2": 0.0442196865197457,
  "B_enh3": 0.014015706336701532,
  "B_enh4": 0.2039085770592038,
  "B_red1": 0.10358513901144573,
  "B_red2": 0.31145844687465407,
  "B_red3": 0.32887987808939895,
  "B_red4": 0.03414671794420463
}