{
  "close_threshold": 3,
  "enhance0": 0.13138571286926443,
  "enhance1": 0.04684482224072368,
  "enhance2": 0.012146531263910165,
  "reduce0": 0.07063834528753828,
  "reduce1": 0.18685794474288153,
  "reduce2": 0.7197648681664304
}