{
  "threshold0": 75.46003089462343,
  "threshold1": 164.09965882565575,
  "threshold2": 243.77770536232552,
  "low_bound": 45.7101137474315,
  "mid_bound": 95.22998009270142,
  "close_threshold": 3.290059579467021,
  "enhance0": 0.11934974611591029,
  "enhance1": 0.04924683877684774,
  "enhance2": 0.012735470196380952,
  "reduce0": 0.06751822873184805,
  "reduce1": 0.17996665489733799,
  "reduce2": 0.8637074192974379,
  "R_enh1": 0.20618608152143497,
  "R_enh2": 0.14382814467692379,
  "R_enh3": 0.20625375736230364,
  "R_red1": 0.26522794349293033,
  "R_red2": 0.11460377908304682,
  "R_red3": 0.21842987117453722,
  "R_red4": 0.33493013440038155,
  "G_enh1": 0.0683261145658497,
  "G_enh2": 0.03552612888618335,
  "G_enh3": 0.06588982868977934,
  "G_red1": 0.011825606784051878,
  "G_red2": 0.14880714490804436,
  "G_red3": 0.12487017956521788,
  "G_red4": 0.051376966936131425,
  "B_enh1": 0.0373687623941115,
  "B_enh2": 0.013240675847235029,
  "B_enh3": 0.18225786046068163,
  "B_red1": 0.13424587688907233,
  "B_red2": 0.3412281630157016,
  "B_red3": 0.35656676147857225,
  "B_red4": 0.04003898671860617
}