{
  "close_threshold": 3,
  "enhance0": 0.045384306547805606,
  "enhance1": 0.07890463847998168,
  "enhance2": 0.031270932349844335,
  "reduce0": 0.6175242095457248,
  "reduce1": 0.4295900280532998,
  "reduce2": 0.7998828189716936
}