{
  "close_threshold": 10,
  "enhance0": 0.010025619614528213,
  "enhance1": 0.08615895555726105,
  "enhance2": 0.010531462078737616,
  "reduce0": 0.7205389340804068,
  "reduce1": 0.5303908280111727,
  "reduce2": 0.7847103096560444
}