{
  "R_enh1": 0.14572398159125052,
  "R_enh2": 0.14333149834103664,
  "R_enh3": 0.014553370197531718,
  "R_red1": 0.07924596568019246,
  "R_red2": 0.49012908154081625,
  "R_red3": 0.23845267106374735,
  "R_red4": 0.010035085365334784,
  "G_enh1": 0.08490157917121131,
  "G_enh2": 0.0407481966957519,
  "G_enh3": 0.039039868976208876,
  "G_red1": 0.03406142690231519,
  "G_red2": 0.019055923533312216,
  "G_red3": 0.09205783529946175,
  "G_red4": 0.07290483721697938,
  "B_enh1": 0.10448466047756964,
  "B_enh2": 0.03105549403169254,
  "B_enh3": 0.4993691965150457,
  "B_red1": 0.11832924372740372,
  "B_red2": 0.19592270725789893,
  "B_red3": 0.30003608542386495,
  "B_red4": 0.21918023495832098
}