{
  "threshold0": 88.70567530788267,
  "threshold1": 196.59450985930712,
  "threshold2": 199.46986135395352,
  "low_bound": 75.1349264112156,
  "mid_bound": 137.99408650076415,
  "close_threshold": 8.673820871178158,
  "RG_enh0": 0.24043355063316538,
  "RG_enh1": 0.10949189934866725,
  "RG_enh2": 0.05391078556425903,
  "RG_red0": 0.4649276573218937,
  "RG_red1": 0.3354761436750125,
  "RG_red2": 0.10568712986909821,
  "RB_enh0": 0.0721001536418543,
  "RB_enh1": 0.24906973071466493,
  "RB_enh2": 0.18316003168336947,
  "RB_red0": 0.4248045999473959,
  "RB_red1": 0.30181653174953926,
  "RB_red2": 0.12664444561104973,
  "GB_enh0": 0.06302182687456903,
  "GB_enh1": 0.08841691358755231,
  "GB_enh2": 0.0313833145360801,
  "GB_red0": 0.278549716287756,
  "GB_red1": 0.48259704202393633,
  "GB_red2": 0.9089034327479701,
  "R_enh1": 0.041489415740666204,
  "R_enh2": 0.167766282242757,
  "R_enh3": 0.28929111179405953,
  "R_red1": 0.3788301372578663,
  "R_red2": 0.2328059183514271,
  "R_red3": 0.06586036806553168,
  "R_red4": 0.20067907103449945,
  "G_enh1": 0.06613428274141192,
  "G_enh2": 0.008801177312417021,
  "G_enh3": 0.04078025252944528,
  "G_red1": 0.05539553166103606,
  "G_red2": 0.04400090424922239,
  "G_red3": 0.05464152414918768,
  "G_red4": 0.10477143133447454,
  "B_enh1": 0.009180278820954752,
  "B_enh2": 0.20347587594864658,
  "B_enh3": 0.05896029436728788,
  "B_red1": 0.17015246744767498,
  "B_red2": 0.6098560307226681,
  "B_red3": 0.16571123437983465,
  "B_red4": 0.015658555170656493
}